"filename","title","keywords","descriptionen","descriptioncymraeg","facebooktitle","facebookdescription","facebookimage","facebookurl","whatnewenglish","whatnewcymraeg","datelastmodified","htmlcode"
"/albums.html","Albums/ Albwnau
","Y Cyrff, Y Cyrff Discography, Albums, Albwnau","Y Cyrff's album discography.","Discograffi albwm Y Cyrff.","Albums/ Albwnau
","Y Cyrff's album discography. Discograffi albwm Y Cyrff.","http://www.ycyrffgroupie.co.uk/images/rasal12.jpg",NULL,"Added to the database",NULL,"2012-08-18 21:27:24","<link rel=\"stylesheet\" type=\"text/css\" href=\"css/table.css\">"
"/band.html",,"Band landing page
","One of the only website about Y Cyrff.
","Un o o'r unig we safle am Y Cyrff.",,"One of the only website about Y Cyrff.
",NULL,NULL,NULL,NULL,"2012-08-30 18:22:22",
"/compilations.html","Compilations/ Amlgyfrannog
","Y Cyrff, Y Cyrff Discography","Y Cyrff's complication discography..","Discograffi amlgyfrannog Y Cyrff.","Compilations/ Amlgyfrannog
","Y Cyrff's complication discography.  Discograffi amlgyfrannog Y Cyrff.","http://www.ycyrffgroupie.co.uk/images/hwyl_fawr_heulwen.jpg",NULL,"Added to the database",NULL,"2012-08-18 21:27:24","<link rel=\"stylesheet\" type=\"text/css\" href=\"css/table.css\">"
"/contact.php",,"Y Cyrff, Contact me, Cysylltu a fi
","One of the only website about Y Cyrff. 
","Un o o'r unig we safle am Y Cyrff.",,"One of the only website about Y Cyrff. 
",NULL,NULL,NULL,NULL,"2012-08-15 21:46:10",
"/discography.html","Discography/Discograff
","Y Cyrff, Y Cyrff Discography, Discograff  Y Cyrff","Y Cyrff's discography
","Discograffi'r Cyrff.","Discography/Discograff
","Y Cyrff's discography. Discograffi'r Cyrff.","http://www.ycyrffrgroupie.co.uk/images/title.JPG",NULL,"Added to the database",NULL,"2012-08-18 21:27:24",
"/download.html","Downloads/Lawrlwythi
","Y Cyrff, Y Cyrff download, Y Cyrff Lawrlwythi
","One of the only website about Y Cyrff.
","Un o o'r unig we safle am Y Cyrff.","Downloads/Lawrlwythi
","One of the only website about Y Cyrff.
","http://www.ycyrffrgroupie.co.uk/images/title.JPG",NULL,"Added to the database",NULL,"2012-08-18 21:27:24",
"/guestbook.html",,,,NULL,,,NULL,NULL,NULL,NULL,"2012-05-05 14:13:52",
"/index.html","Y Cyrff","Y Cyrff","One of the only website about Y Cyrff.","Un o'r unig we safle am Y Cyrff.","Y Cyrff","One of the only website about Y Cyrff. Un o'r unig we safle am Y Cyrff.","http://www.ycyrffrgroupie.co.uk/images/title.JPG","http://www.ycyrffgroupie.co.uk","Added to the database",NULL,"2012-08-18 21:27:25","<script type=\"text/javascript\">var switchTo5x=false;</script> <script type=\"text/javascript\" src=\"http://w.sharethis.com/button/buttons.js\"></script> <script type=\"text/javascript\">stLight.options({publisher: \"620950a8-f97c-45fb-a3d0-37ba22439251\"}); </script><meta property=\"fb:admins\" content=\"595456413\" />"
"/links.html","Links/Cysyllitiadau
","Y Cyrff, links, Cysyllitiadau
","Y Cyrff related links.","Y Cyrff sy'n gysylltiedig cysylltiadau.","Links/Cysyllitiadau
","Y Cyrff related links.Y Cyrff sy'n gysylltiedig cysylltiadau.","http://www.ycyrffrgroupie.co.uk/images/title.JPG",NULL,"Added to the database",NULL,"2012-08-18 21:27:22",
"/me.html",,"Me landing page
","One of the only website about Y Cyrff.
","Un o o'r unig we safle am Y Cyrff.",,"One of the only website about Y Cyrff.
",NULL,NULL,NULL,NULL,"2012-08-18 21:27:22",
"/new.html",,"Y Cyrff,new, newydd
","One of the only website about Y Cyrff. 
","Un o o'r unig we safle am Y Cyrff.",,"One of the only website about Y Cyrff. 
",NULL,NULL,NULL,NULL,"2012-07-04 17:34:27",
"/privacyandcookies.html","Privacy and Cookies Policy
","Y Cyrff, Privacy and Cookies Policy
","Privacy and cookies policy for www.ycyrffgroupie.co.uk",NULL,"Privacy and Cookies Policy
","Privacy and cookies policy for www.ycyrffgroupie.co.uk","http://www.ycyrffrgroupie.co.uk/images/title.JPG",NULL,"Added to the database",NULL,"2012-08-14 17:33:17","<link rel=\"stylesheet\" type=\"text/css\" href=\"/css/table.css\"> <link rel=\"stylesheet\" type=\"text/css\" href=\"/css/other.css\">  <script type=\"text/javascript\" src=\"http://ajax.googleapis.com/ajax/libs/jquery/1.6.2/jquery.min.js\"> </script> <script type=\"text/javascript\" src=\"/includes/javascript/cookie.js\">   </script> <script type=\"text/javascript\">     window._idl = {};     _idl.variant = \"banner\";     (function() {         var idl = document.createElement('script');         idl.type = 'text/javascript';         idl.async = true;         idl.src = ('https:' == document.location.protocol ? 'https://' : 'http://') + 'members.internetdefenseleague.org/include/?url=' + (_idl.url || '') + '&campaign=' + (_idl.campaign || '') + '&variant=' + (_idl.variant || 'banner');         document.getElementsByTagName('body')[0].appendChild(idl);     })(); </script>"
"/singles.html","Singles/Senglau
","Y Cyrff, Y Cyrff Singles, Y Cyrff senglau
","Y Cyrff's single discography.
","Discograffi sengl Y Cyrff.","Singles/Senglau
","Y Cyrff's single discography. Discograffi sengl Y Cyrff.","http://www.ycyrffrgroupie.co.uk/images/title.JPG",NULL,"Added to the database",NULL,"2012-08-18 21:27:23","<link rel=\"stylesheet\" type=\"text/css\" href=\"css/table.css\">"
"/sitemap.html","Sitemap / Map o we safle
","Y Cyrff, sitemap
","Sitemap for www.ycyrffgroupie.co.uk.
","Map o www.ycyrffgroupie.co.uk.","Me / Fi
","Sitemap for www.ycyrffgroupie.co.uk.Map o www.ycyrffgroupie.co.uk.","http://www.ycyrffrgroupie.co.uk/images/title.JPG",NULL,"Added to the database",NULL,"2012-08-18 21:27:23",
"/thankyou.html","Thank You / Diolch
","Y Cyrff, Thank you, diolch
","People I would like to thank who has helped with the site.","Pobl hoffwn ddiolch sydd wedi helpu eto'r safle.","Thank You / Diolch
","People I would like to thank who has helped with the site. Pobl hoffwn ddiolch sydd wedi helpu eto'r safle.",NULL,NULL,NULL,NULL,"2012-08-18 21:27:23",
"/Images/pummunud.html",,"Y Cyrff, Y Cyrff picture
","One of the only website about Y Cyrff. 
","Un o o'r unig we safle am Y Cyrff.",,"One of the only website about Y Cyrff. 
",NULL,NULL,NULL,NULL,"2012-08-11 13:08:29",
"/Images/cyrff19.html",,"Y Cyrff, Y Cyrff picture
","One of the only website about Y Cyrff. 
","Un o o'r unig we safle am Y Cyrff.",,"One of the only website about Y Cyrff. 
",NULL,NULL,NULL,NULL,"2012-08-19 18:09:19",
"/Images/rasal12.html",,"Y Cyrff, Y Cyrff picture
","One of the only website about Y Cyrff. 
","Un o o'r unig we safle am Y Cyrff.",,"One of the only website about Y Cyrff. 
",NULL,NULL,NULL,NULL,"2012-08-11 13:08:30",
"/Images/cyrff17.html",,"Y Cyrff, Y Cyrff picture
","One of the only website about Y Cyrff. 
","Un o o'r unig we safle am Y Cyrff.",,"One of the only website about Y Cyrff. 
",NULL,NULL,NULL,NULL,"2012-08-19 18:09:20",
"/Images/cyrff20.html",,"Y Cyrff, Y Cyrff picture
","One of the only website about Y Cyrff. 
","Un o o'r unig we safle am Y Cyrff.",,"One of the only website about Y Cyrff. 
",NULL,NULL,NULL,NULL,"2012-08-19 18:09:19",
"/Images/cyrff15.html",,"Y Cyrff, Y Cyrff picture
","One of the only website about Y Cyrff. 
","Un o o'r unig we safle am Y Cyrff.",,"One of the only website about Y Cyrff. 
",NULL,NULL,NULL,NULL,"2012-08-19 18:09:20",
"/Images/cyrff3.html",,"Y Cyrff, Y Cyrff picture
","One of the only website about Y Cyrff. 
","Un o o'r unig we safle am Y Cyrff.",,"One of the only website about Y Cyrff. 
",NULL,NULL,NULL,NULL,"2012-08-11 13:08:08",
"/Images/bandmemberspic.html","Individual Band Members Pictures/ LLuniau o Aelodau Unigol o Band 
","Y Cyrff, Y Cyrff picture
","One of the only website about Y Cyrff. 
","Un o o'r unig we safle am Y Cyrff.","Individual Band Members Pictures/ LLuniau o Aelodau Unigol o Band 
","One of the only website about Y Cyrff. 
",NULL,NULL,NULL,NULL,"2012-08-18 22:08:34",
"/Images/mark6.html",,"Y Cyrff, Y Cyrff picture
","One of the only website about Y Cyrff. 
","Un o o'r unig we safle am Y Cyrff.",,"One of the only website about Y Cyrff. 
",NULL,NULL,NULL,NULL,"2012-08-11 13:08:25",
"/Images/untitled12.html",,"Y Cyrff, Y Cyrff picture
","One of the only website about Y Cyrff. 
","Un o o'r unig we safle am Y Cyrff.",,"One of the only website about Y Cyrff. 
",NULL,NULL,NULL,NULL,"2012-08-11 13:08:33",
"/Images/cyrff7.html",,"Y Cyrff, Y Cyrff picture
","One of the only website about Y Cyrff. 
","Un o o'r unig we safle am Y Cyrff.",,"One of the only website about Y Cyrff. 
",NULL,NULL,NULL,NULL,"2012-08-19 18:09:18",
"/Images/pum_munud.html",,"Y Cyrff, Y Cyrff picture
","One of the only website about Y Cyrff. 
","Un o o'r unig we safle am Y Cyrff.",,"One of the only website about Y Cyrff. 
",NULL,NULL,NULL,NULL,"2012-06-27 13:39:32",
"/Images/mark2.html",,"Y Cyrff, Y Cyrff picture
","One of the only website about Y Cyrff. 
","Un o o'r unig we safle am Y Cyrff.",,"One of the only website about Y Cyrff. 
",NULL,NULL,NULL,NULL,"2012-08-11 13:08:21",
"/Images/cyrff2.html",,"Y Cyrff, Y Cyrff picture
","One of the only website about Y Cyrff. 
","Un o o'r unig we safle am Y Cyrff.",,"One of the only website about Y Cyrff. 
",NULL,NULL,NULL,NULL,"2012-08-19 18:09:18",
"/Images/cyrff21.html",,"Y Cyrff, Y Cyrff picture
","One of the only website about Y Cyrff. 
","Un o o'r unig we safle am Y Cyrff.",,"One of the only website about Y Cyrff. 
",NULL,NULL,NULL,NULL,"2012-08-19 18:09:19",
"/Images/mark4.html",,"Y Cyrff, Y Cyrff picture
","One of the only website about Y Cyrff. 
","Un o o'r unig we safle am Y Cyrff.",,"One of the only website about Y Cyrff. 
",NULL,NULL,NULL,NULL,"2012-08-11 13:08:23",
"/Images/cyrff10.html",,"Y Cyrff, Y Cyrff picture
","One of the only website about Y Cyrff. 
","Un o o'r unig we safle am Y Cyrff.",,"One of the only website about Y Cyrff. 
",NULL,NULL,NULL,NULL,"2012-08-19 18:09:18",
"/Images/barrymarine.html",,"Y Cyrff, Y Cyrff picture
","One of the only website about Y Cyrff. 
","Un o o'r unig we safle am Y Cyrff.",,"One of the only website about Y Cyrff. 
",NULL,NULL,NULL,NULL,"2012-08-11 13:07:43",
"/Images/cyrff14.html",,"Y Cyrff, Y Cyrff picture
","One of the only website about Y Cyrff. 
","Un o o'r unig we safle am Y Cyrff.",,"One of the only website about Y Cyrff. 
",NULL,NULL,NULL,NULL,"2012-08-19 18:09:20",
"/Images/paul2.html",,"Y Cyrff, Y Cyrff picture
","One of the only website about Y Cyrff. 
","Un o o'r unig we safle am Y Cyrff.",,"One of the only website about Y Cyrff. 
",NULL,NULL,NULL,NULL,"2012-08-11 13:08:27",
"/Images/cyrff4.html",,"Y Cyrff, Y Cyrff picture
","One of the only website about Y Cyrff. 
","Un o o'r unig we safle am Y Cyrff.",,"One of the only website about Y Cyrff. 
",NULL,NULL,NULL,NULL,"2012-08-11 13:08:12",
"/Images/ankst3.html",,"Y Cyrff, Y Cyrff picture
","One of the only website about Y Cyrff. 
","Un o o'r unig we safle am Y Cyrff.",,"One of the only website about Y Cyrff. 
",NULL,NULL,NULL,NULL,"2012-08-11 13:07:33",
"/Images/coverart.html","Cover Art / Celf y Clawr
","Y Cyrff, Y Cyrff picture
","One of the only website about Y Cyrff. 
","Un o o'r unig we safle am Y Cyrff.","Cover Art / Celf y Clawr
","One of the only website about Y Cyrff. 
",NULL,NULL,NULL,NULL,"2012-08-18 22:08:41",
"/Images/mark_barry.html",,"Y Cyrff, Y Cyrff picture
","One of the only website about Y Cyrff. 
","Un o o'r unig we safle am Y Cyrff.",,"One of the only website about Y Cyrff. 
",NULL,NULL,NULL,NULL,"2012-06-27 13:38:31",
"/Images/bandpic.html","Band Pictures/ LLuniau o y band
","Y Cyrff, Y Cyrff picture
","One of the only website about Y Cyrff. 
","Un o o'r unig we safle am Y Cyrff.","Band Pictures/ LLuniau o y band
","One of the only website about Y Cyrff. 
",NULL,NULL,NULL,NULL,"2012-08-20 08:34:04",
"/Images/cyrff22.html",,"Y Cyrff, Y Cyrff picture
","One of the only website about Y Cyrff. 
","Un o o'r unig we safle am Y Cyrff.",,"One of the only website about Y Cyrff. 
",NULL,NULL,NULL,NULL,"2012-08-19 18:09:19",
"/Images/markbarry.html",,"Y Cyrff, Y Cyrff picture
","One of the only website about Y Cyrff. 
","Un o o'r unig we safle am Y Cyrff.",,"One of the only website about Y Cyrff. 
",NULL,NULL,NULL,NULL,"2012-08-11 13:08:26",
"/Images/cyrff16.html",,"Y Cyrff, Y Cyrff picture
","One of the only website about Y Cyrff. 
","Un o o'r unig we safle am Y Cyrff.",,"One of the only website about Y Cyrff. 
",NULL,NULL,NULL,NULL,"2012-08-19 18:09:20",
"/Images/cyrff11.html",,"Y Cyrff, Y Cyrff picture
","One of the only website about Y Cyrff. 
","Un o o'r unig we safle am Y Cyrff.",,"One of the only website about Y Cyrff. 
",NULL,NULL,NULL,NULL,"2012-08-19 18:09:18",
"/Images/barry2.html",,"Y Cyrff, Y Cyrff picture
","One of the only website about Y Cyrff. 
","Un o o'r unig we safle am Y Cyrff.",,"One of the only website about Y Cyrff. 
",NULL,NULL,NULL,NULL,"2012-08-11 13:07:39",
"/Images/yrhaint.html",,"Y Cyrff, Y Cyrff picture
","One of the only website about Y Cyrff. 
","Un o o'r unig we safle am Y Cyrff.",,"One of the only website about Y Cyrff. 
",NULL,NULL,NULL,NULL,"2012-08-11 13:08:35",
"/Images/awdloanobaith.html",,"Y Cyrff, Y Cyrff picture
","One of the only website about Y Cyrff. 
","Un o o'r unig we safle am Y Cyrff.",,"One of the only website about Y Cyrff. 
",NULL,NULL,NULL,NULL,"2012-08-11 13:07:34",
"/Images/ankst1.html",,"Y Cyrff, Y Cyrff picture
","One of the only website about Y Cyrff. 
","Un o o'r unig we safle am Y Cyrff.",,"One of the only website about Y Cyrff. 
",NULL,NULL,NULL,NULL,"2012-08-11 13:07:31",
"/Images/cyrff18.html",,"Y Cyrff, Y Cyrff picture
","One of the only website about Y Cyrff. 
","Un o o'r unig we safle am Y Cyrff.",,"One of the only website about Y Cyrff. 
",NULL,NULL,NULL,NULL,"2012-08-19 18:09:17",
"/Images/index.html",,"Y Cyrff, Y Cyrff picture
","One of the only website about Y Cyrff. 
","Un o o'r unig we safle am Y Cyrff.",,"One of the only website about Y Cyrff. 
",NULL,NULL,NULL,NULL,"2012-08-18 22:08:41",
"/Images/cyrff.html",,"Y Cyrff, Y Cyrff picture
","One of the only website about Y Cyrff. 
","Un o o'r unig we safle am Y Cyrff.",,"One of the only website about Y Cyrff. 
",NULL,NULL,NULL,NULL,"2012-08-19 18:09:19",
"/Images/cyrff5.html",,"Y Cyrff, Y Cyrff picture
","One of the only website about Y Cyrff. 
","Un o o'r unig we safle am Y Cyrff.",,"One of the only website about Y Cyrff. 
",NULL,NULL,NULL,NULL,"2012-08-11 13:08:12",
"/Images/barry.html",,"Y Cyrff, Y Cyrff picture
","One of the only website about Y Cyrff. 
","Un o o'r unig we safle am Y Cyrff.",,"One of the only website about Y Cyrff. 
",NULL,NULL,NULL,NULL,"2012-08-11 13:07:38",
"/Images/hwylfawrheulwen.html",,"Y Cyrff, Y Cyrff picture
","One of the only website about Y Cyrff. 
","Un o o'r unig we safle am Y Cyrff.",,"One of the only website about Y Cyrff. 
",NULL,NULL,NULL,NULL,"2012-08-11 13:08:19",
"/Images/band_members_pic.html",,"Y Cyrff, Y Cyrff Links
","One of the only website about Y Cyrff. 
","Un o o'r unig we safle am Y Cyrff.",,"One of the only website about Y Cyrff. 
",NULL,NULL,NULL,NULL,"2012-06-27 13:24:23",
"/Images/cyrff8.html",,"Y Cyrff, Y Cyrff picture
","One of the only website about Y Cyrff. 
","Un o o'r unig we safle am Y Cyrff.",,"One of the only website about Y Cyrff. 
",NULL,NULL,NULL,NULL,"2012-08-19 18:09:14",
"/Images/mark5.html",,"Y Cyrff, Y Cyrff picture
","One of the only website about Y Cyrff. 
","Un o o'r unig we safle am Y Cyrff.",,"One of the only website about Y Cyrff. 
",NULL,NULL,NULL,NULL,"2012-08-11 13:08:24",
"/Images/cyrff6.html",,"Y Cyrff, Y Cyrff picture
","One of the only website about Y Cyrff. 
","Un o o'r unig we safle am Y Cyrff.",,"One of the only website about Y Cyrff. 
",NULL,NULL,NULL,NULL,"2012-08-11 13:08:14",
"/Images/cyrff13.html",,"Y Cyrff, Y Cyrff picture
","One of the only website about Y Cyrff. 
","Un o o'r unig we safle am Y Cyrff.",,"One of the only website about Y Cyrff. 
",NULL,NULL,NULL,NULL,"2012-08-19 18:09:20",
"/Images/cyrff12.html",,"Y Cyrff, Y Cyrff picture
","One of the only website about Y Cyrff. 
","Un o o'r unig we safle am Y Cyrff.",,"One of the only website about Y Cyrff. 
",NULL,NULL,NULL,NULL,"2012-08-19 18:09:17",
"/Images/mark.html",,"Y Cyrff, Y Cyrff picture
","One of the only website about Y Cyrff. 
","Un o o'r unig we safle am Y Cyrff.",,"One of the only website about Y Cyrff. 
",NULL,NULL,NULL,NULL,"2012-08-11 13:08:21",
"/Images/mark3.html",,"Y Cyrff, Y Cyrff picture
","One of the only website about Y Cyrff. 
","Un o o'r unig we safle am Y Cyrff.",,"One of the only website about Y Cyrff. 
",NULL,NULL,NULL,NULL,"2012-08-11 13:08:23",
"/Images/paul.html",,"Y Cyrff, Y Cyrff picture
","One of the only website about Y Cyrff. 
","Un o o'r unig we safle am Y Cyrff.",,"One of the only website about Y Cyrff. 
",NULL,NULL,NULL,NULL,"2012-08-11 13:08:27",
"/Images/dylan2.html",,"Y Cyrff, Y Cyrff picture
","One of the only website about Y Cyrff. 
","Un o o'r unig we safle am Y Cyrff.",,"One of the only website about Y Cyrff. 
",NULL,NULL,NULL,NULL,"2012-08-11 13:08:18",
"/Images/barry_marine.html",,"Y Cyrff, Y Cyrff picture
","One of the only website about Y Cyrff. 
","Un o o'r unig we safle am Y Cyrff.",,"One of the only website about Y Cyrff. 
",NULL,NULL,NULL,NULL,"2012-06-27 13:25:53",
"/Images/cyrff9.html",,"Y Cyrff, Y Cyrff picture
","One of the only website about Y Cyrff. 
","Un o o'r unig we safle am Y Cyrff.",,"One of the only website about Y Cyrff. 
",NULL,NULL,NULL,NULL,"2012-08-19 18:09:18",
"/Images/ankst2.html",,"Y Cyrff, Y Cyrff picture
","One of the only website about Y Cyrff. 
","Un o o'r unig we safle am Y Cyrff.",,"One of the only website about Y Cyrff. 
",NULL,NULL,NULL,NULL,"2012-08-11 13:07:32",
"/Images/dylan.html",,"Y Cyrff, Y Cyrff picture
","One of the only website about Y Cyrff. 
","Un o o'r unig we safle am Y Cyrff.",,"One of the only website about Y Cyrff. 
",NULL,NULL,NULL,NULL,"2012-08-11 13:08:17",
"/Images/barrymark.html",,"Y Cyrff, Y Cyrff picture
","One of the only website about Y Cyrff. 
","Un o o'r unig we safle am Y Cyrff.",,"One of the only website about Y Cyrff. 
",NULL,NULL,NULL,NULL,"2012-08-11 13:07:43",
"/games/obsessed.html","How Obsessed Are You With Y Cyrff?
","Y Cyrff, Obsession Test
","One of the only website about Y Cyrff. 
","Un o o'r unig we safle am Y Cyrff.","How Obsessed Are You With Y Cyrff?
","One of the only website about Y Cyrff. 
",NULL,NULL,NULL,NULL,"2012-08-15 22:10:38",
"/games/brickwall.html",,"Y Cyrff, graffiti wall
","One of the only website about Y Cyrff. 
","Un o o'r unig we safle am Y Cyrff.",,"One of the only website about Y Cyrff. 
",NULL,NULL,NULL,NULL,"2012-08-15 22:10:36",
"/games/quiz.html","Y Cyrff Quiz
","Y Cyrff, Y Cyrff quiz
","One of the only website about Y Cyrff. 
","Un o o'r unig we safle am Y Cyrff.","Y Cyrff Quiz
","One of the only website about Y Cyrff. 
",NULL,NULL,NULL,NULL,"2012-08-15 22:10:39","<script language=\"JavaScript\" type=\"text/javascript\"\"><!-- Begin var ans = new Array; var done = new Array; var yourAns = new Array; var explainAnswer = new Array;  var score = 0; ans[1] = \"a\"; ans[2] = \"c\"; ans[3] = \"b\"; ans[4] = \"c\"; ans[5] = \"a\"; ans[6] = \"d\";   explainAnswer[1]=\"The reason why Answer 1 is Blah Blah Blah\"; explainAnswer[2]=\"The reason why Answer 2 is Blah Blah Blah\"; explainAnswer[3]=\"The reason why Answer 3 is Blah Blah Blah\"; explainAnswer[4]=\"The reason why Answer 4 is Blah Blah Blah\"; explainAnswer[5]=\"The reason why Answer 5 is Blah Blah Blah\"; explainAnswer[6]=\"The reason why Answer 6 is Blah Blah Blah\";  function Engine(question, answer) { yourAns[question]=answer; }  function Score(){ var answerText = \"How did you do?\\n------------------------------------\\n\"; for(i=1;i<=6;i++){    answerText=answerText+\"\\nQuestion :\"+i+\"\\n\";   if(ans[i]!=yourAns[i]){     answerText=answerText+\"\\nThe correct answer was \"+ans[i]+\"\\n\"+explainAnswer[i]+\"\\n\";   }   else{     answerText=answerText+\" \\nCorrect! \\n\";     score++;   } }  answerText=answerText+\"\\n\\nYour total score is : \"+score+\"\\n\";  //now score the user answerText=answerText+\"\\nComment : \"; if(score<=0){ answerText=answerText+\"You need to learn some more\"; } if(score>=1 && score <=2){ answerText=answerText+\"bit more practice\"; } if(score>=3 && score <=3){ answerText=answerText+\"doing ok\"; } if(score>4){ answerText=answerText+\"You know your stuff then!\"; }  alert(answerText);  } //  End --> </script>"
"/games/alcoholtest.html","How Drunk Are You?
","Y Cyrff, alcohol test
","One of the only website about Y Cyrff. 
","Un o o'r unig we safle am Y Cyrff.","How Drunk Are You?
","One of the only website about Y Cyrff. 
",NULL,NULL,NULL,NULL,"2012-08-15 22:10:36","<script type=\"Javascript\" type=\"text/javascript\"> var lose = 'YOU ARE DRUNK! OH NO!<BR><BR>Thank you for taking the Alcohol Test  ' var win = 'YOU ARE NOT DRUNK! GOOD!<BR><BR>Thank you for taking the Alcohol Test '  function finish(message) {  clearTimeout(timer)  output.innerHTML = message  button1.style.display='none'  button2.style.display='none'  button3.style.display='none'  }  function moveme(obj) {  obj.style.pixelLeft += Math.random() * 250 - 150  obj.style.pixelTop += Math.random() * 250 - 150  }"
"/games/hangman.html",,"Y Cyrff, Y Cyrff hangman
","One of the only website about Y Cyrff. 
","Un o o'r unig we safle am Y Cyrff.",,"One of the only website about Y Cyrff. 
",NULL,NULL,NULL,NULL,"2012-08-15 22:10:38",
"/games/index.html","Games/ Gemau
","Y Cyrff, games
","One of the only website about Y Cyrff. 
","Un o o'r unig we safle am Y Cyrff.","Games/ Gemau
","One of the only website about Y Cyrff. 
",NULL,NULL,NULL,NULL,"2012-08-15 22:10:38",
"/interviews/catchingupwithcatatonia.html","Catching up with Catatonia
","Y Cyrff, Mark Roberts, Paul Jones
","One of the only website about Y Cyrff.
","Un o o'r unig we safle am Y Cyrff.","Catching up with Catatonia
","One of the only website about Y Cyrff.
",NULL,NULL,NULL,NULL,"2012-08-13 22:54:58",
"/interviews/localheros.html","Local Heros
","Y Cyrff, Toni Schiavone, Y Cyrff interviews
","One of the only website about Y Cyrff.
","Un o o'r unig we safle am Y Cyrff.","Local Heros
","One of the only website about Y Cyrff.
",NULL,NULL,NULL,NULL,"2012-08-13 22:54:59",
"/interviews/cyrffcerysacatatonia.html","Cyrff, Cerys a Catatonia
","Cyrff, Catatonia, Golwg
","One of the only website about Y Cyrff.
","Un o o'r unig we safle am Y Cyrff.","Cyrff, Cerys a Catatonia
","One of the only website about Y Cyrff.
",NULL,NULL,NULL,NULL,"2012-08-13 22:54:58",
"/interviews/index.html","Interviews/Cyweliadau
","Y Cyrff, Y Cyrff interviews
","One of the only website about Y Cyrff.
","Un o o'r unig we safle am Y Cyrff.","Interviews/Cyweliadau
","One of the only website about Y Cyrff.
",NULL,NULL,NULL,NULL,"2012-08-13 22:54:58",
"/interviews/formercatatoniaguitaristmarkrobertsreturnswithnewprojecttheearth.html","Former Catatonia guitarist Mark Roberts returns with new project The Earth
","Y Cyrff, Mark Roberts, The Earth, Llanrwst, Catatonia, Interview, chess
","One of the only website about Y Cyrff.
","Un o o'r unig we safle am Y Cyrff.","Former Catatonia guitarist Mark Roberts returns with new project The Earth
","One of the only website about Y Cyrff.
",NULL,NULL,NULL,NULL,"2012-08-13 22:54:59",
"/lyrics/eithaf.html","Eithaf
","Y Cyrff, Eithaf lyrics, Y Cyrff lyrics
","One of the only website about Y Cyrff.
","Un o o'r unig we safle am Y Cyrff.","Eithaf
","One of the only website about Y Cyrff.
",NULL,NULL,NULL,NULL,"2012-08-15 21:33:28",
"/lyrics/beddargraff.html","Beddargraff
","Y Cyrff, Beddargraff lyrics, Y Cyrff lyrics
","One of the only website about Y Cyrff. 
","Un o o'r unig we safle am Y Cyrff.","Beddargraff
","One of the only website about Y Cyrff. 
",NULL,NULL,NULL,NULL,"2012-08-15 21:33:28",
"/lyrics/nunlle.html","Nunlle
","Y Cyrff, Nunlle lyrics, Y Cyrff lyrics
","One of the only website about Y Cyrff.
","Un o o'r unig we safle am Y Cyrff.","Nunlle
","One of the only website about Y Cyrff.
",NULL,NULL,NULL,NULL,"2012-08-15 21:33:29",
"/lyrics/cwrdd.html","Cwrdd
","Y Cyrff, Cwrdd lyrics, Y Cyrff lyrics
","One of the only website about Y Cyrff.
","Un o o'r unig we safle am Y Cyrff.","Cwrdd
","One of the only website about Y Cyrff.
",NULL,NULL,NULL,NULL,"2012-08-15 21:33:28",
"/lyrics/index.html","Lyrics/ Geiriau
","Y Cyrff, Y Cyrff Lyrics
","One of the only website about Y Cyrff.
","Un o o'r unig we safle am Y Cyrff.","Lyrics/ Geiriau
","One of the only website about Y Cyrff.
",NULL,NULL,NULL,NULL,"2012-08-15 21:33:29",
"/lyrics/pethauachlysurol.html","Pethau Achlysurol
","Y Cyrff, Pethau Achlysurol lyrics, Y Cyrff lyrics
","One of the only website about Y Cyrff. 
","Un o o'r unig we safle am Y Cyrff.","Pethau Achlysurol
","One of the only website about Y Cyrff. 
",NULL,NULL,NULL,NULL,"2012-08-15 21:33:30",
"/lyrics/ydeffro.html","Y Deffro
","Y Cyrff, Y Deffro lyrics, Y Cyrff lyrics
","One of the only website about Y Cyrff.
","Un o o'r unig we safle am Y Cyrff.","Y Deffro
","One of the only website about Y Cyrff.
",NULL,NULL,NULL,NULL,"2012-08-15 21:33:30",
"/lyrics/hwylfawrheulwen.html","Hwyl Fawr Heulwen
","Y Cyrff, Hwyl Fawr Heulwen lyrics, Y Cyrff lyrics
","One of the only website about Y Cyrff. 
","Un o o'r unig we safle am Y Cyrff.","Hwyl Fawr Heulwen
","One of the only website about Y Cyrff. 
",NULL,NULL,NULL,NULL,"2012-08-15 21:33:29",
"/lyrics/llawenyddhebddiwedd.html","LLawenydd Heb DDiwedd
","Y Cyrff, LLawenydd Heb DDiwedd lyrics, Y Cyrff lyrics
","One of the only website about Y Cyrff.
","Un o o'r unig we safle am Y Cyrff.","LLawenydd Heb DDiwedd
","One of the only website about Y Cyrff.
",NULL,NULL,NULL,NULL,"2012-08-15 21:33:29",
"/lyrics/cymrulloegrallanrwst.html","Cymru, LLoegr a LLanrwst
","Y Cyrff, Cymru LLoegr a LLanrwst lyrics, Y Cyrff lyrics
","One of the only website about Y Cyrff.
","Un o o'r unig we safle am Y Cyrff.","Cymru, LLoegr a LLanrwst
","One of the only website about Y Cyrff.
",NULL,NULL,NULL,NULL,"2012-08-15 21:33:28",
"/news/mwycracnagerioed.html","Mwy CRAC Nag Erioed...
","Y Cyrff, Mwy CRAC Nag Erioed, LLwybr LLaethog, LLanrwst, John Griffiths, Mark Roberts, Y Cyrff news
","One of the only website about Y Cyrff.
","Un o o'r unig we safle am Y Cyrff.","Mwy CRAC Nag Erioed...
","One of the only website about Y Cyrff.
",NULL,NULL,NULL,NULL,"2012-08-15 22:31:06",
"/news/yffyrcamroiprocbacharall.html","Y FFyrc Am Roi Proc Bach Arall
","Y Cyrff, Y FFyrc Am Roi Proc Bach Arall, Mark Roberts, Toni Schiavone, Sherbet Antlers, Catatonia, Y FFyrc
","One of the only website about Y Cyrff.
","Un o o'r unig we safle am Y Cyrff.","Y FFyrc Am Roi Proc Bach Arall
","One of the only website about Y Cyrff.
",NULL,NULL,NULL,NULL,"2012-08-15 22:31:06",
"/news/boxset.html",,"Y Cyrff, box set, atalnod
","One of the only website about Y Cyrff.
","Un o o'r unig we safle am Y Cyrff.",,"One of the only website about Y Cyrff.
",NULL,NULL,NULL,NULL,"2012-08-15 22:31:05",
"/news/bbcdoc.html","Rhaglen ar C2 - 02/05/2012
","Y Cyrff, box set, atalnod
","One of the only website about Y Cyrff.
","Un o o'r unig we safle am Y Cyrff.","Rhaglen ar C2 - 02/05/2012
","One of the only website about Y Cyrff.
",NULL,NULL,NULL,NULL,"2012-08-15 22:31:04",
"/news/fourletterwordthatbannedsong.html","Four-letter word that banned song
","Y Cyrff, Radio Cymru, Barry Cawley, Dylan Hughes, Paul Jones, Mark Roberts
","One of the only website about Y Cyrff.
","Un o o'r unig we safle am Y Cyrff.","Four-letter word that banned song
","One of the only website about Y Cyrff.
",NULL,NULL,NULL,NULL,"2012-08-15 22:31:06",
"/news/documentaryonc2.html","Rhaglen ar C2
","Y Cyrff, C2, Mark Roberts, Paul Jones
","One of the only website about Y Cyrff.
","Un o o'r unig we safle am Y Cyrff.","Rhaglen ar C2
","One of the only website about Y Cyrff.
",NULL,NULL,NULL,NULL,"2012-08-15 22:31:05",
"/news/index.html","News Articles/ Erthyglau Newyddion
","Y Cyrff, Y Cyrff news
","One of the only website about Y Cyrff.
","Un o o'r unig we safle am Y Cyrff.","News Articles/ Erthyglau Newyddion
","One of the only website about Y Cyrff.
",NULL,NULL,NULL,NULL,"2012-08-15 22:31:06",
"/news/cymru.html","Cymru, LLoegr a LLanrwst
","Y Cyrff, Atalnod LLawn, Cymru LLoegr a LLanrwst Tour, Alun Tan Lan, Kentucky AFC, Maharishi, Dan Amor, Jen Jeniro, Mark Roberts, Paul Jones, C2
","One of the only website about Y Cyrff.
","Un o o'r unig we safle am Y Cyrff.","Cymru, LLoegr a LLanrwst
","One of the only website about Y Cyrff.
",NULL,NULL,NULL,NULL,"2012-08-15 22:31:05",
"/news/bandit.html",,"Y Cyrff, Bandit, S4C, Mark Roberts, Paul Jones, Cymru LLoegr a LLanrwst Tour
","One of the only website about Y Cyrff.
","Un o o'r unig we safle am Y Cyrff.",,"One of the only website about Y Cyrff.
",NULL,NULL,NULL,NULL,"2012-08-15 22:31:04",
"/profiles/llewelynrichardsprofile.html","LLewelyn Richards Profile/Proffeil LLewelyn Richard
","Y Cyrff, LLewelyn Richards Profile
","One of the only website about Y Cyrff. 
","Un o o'r unig we safle am Y Cyrff.","LLewelyn Richards Profile/Proffeil LLewelyn Richard
","One of the only website about Y Cyrff. 
",NULL,NULL,NULL,NULL,"2012-08-18 20:50:13",
"/profiles/index.html","Profiles/Proffeilau
","Y Cyrff, Profiles
","One of the only website about Y Cyrff. 
","Un o o'r unig we safle am Y Cyrff.","Profiles/Proffeilau
","One of the only website about Y Cyrff. 
",NULL,NULL,NULL,NULL,"2012-08-18 20:50:15",
"/profiles/submitprofile.php","Submit a Profile/Anfon proffeil
","Y Cyrff, Submit Profile
","One of the only website about Y Cyrff. 
","Un o o'r unig we safle am Y Cyrff.","Submit a Profile/Anfon proffeil
","One of the only website about Y Cyrff. 
",NULL,NULL,NULL,NULL,"2012-08-18 20:50:15",
"/reviews/rifiwbuzz.html","Rifiw Buzz
","Y Cyrff, Rifiw Buzz, LLwybr LLaethog, LLanrwst, Y Cyrff and LLwybr LLaethog review
","One of the only website about Y Cyrff.
","Un o o'r unig we safle am Y Cyrff.","Rifiw Buzz
","One of the only website about Y Cyrff.
",NULL,NULL,NULL,NULL,"2012-08-14 08:34:24",
"/reviews/index.html","Reviews / Adolygiadau 
","Y Cyrff, Y Cyrff reviews
","One of the only website about Y Cyrff.
","Un o o'r unig we safle am Y Cyrff.","Reviews / Adolygiadau 
","One of the only website about Y Cyrff.
",NULL,NULL,NULL,NULL,"2012-08-14 08:34:24",
"/reviews/atalnodllawnr.html","Atalnod LLawn
","Y Cyrff, Atalnod LLawn
","A review about Atalnod LLawn.","Adolygiad am Atalnod LLawn.","Atalnod LLawn
","A review about Atalnod LLawn. / Adolygiad am Atalnod LLawn.","http://www.ycyrffgroupie.co.uk/images/rasal12.jpg",NULL,"Added to the database",NULL,"2012-08-14 08:34:24",
